step,state,status,linear_x,angular_z,robot_x,robot_y,front_clearance,detections_count
1,FORWARD,WAYPOINT TRACKING (FORWARD),0.35,0.0,0.03,0.0,5.0,0
2,FORWARD,WAYPOINT TRACKING (FORWARD),0.35,0.0,0.07,0.0,5.0,0
3,FORWARD,WAYPOINT TRACKING (FORWARD),0.35,0.0,0.1,0.0,5.0,0
4,FORWARD,WAYPOINT TRACKING (FORWARD),0.35,0.0,0.14,0.0,5.0,0
5,FORWARD,WAYPOINT TRACKING (FORWARD),0.35,0.0,0.17,0.0,5.0,0
6,FORWARD,WAYPOINT TRACKING (FORWARD),0.35,0.0,0.21,0.0,5.0,0
7,FORWARD,WAYPOINT TRACKING (FORWARD),0.35,0.0,0.24,0.0,5.0,0
8,FORWARD,WAYPOINT TRACKING (FORWARD),0.35,0.0,0.28,0.0,5.0,0
9,FORWARD,WAYPOINT TRACKING (FORWARD),0.35,0.0,0.31,0.0,5.0,0
10,EMERGENCY_STOP,EMERGENCY STOP (HAZARD DETECTED),0.0,0.0,0.31,0.0,5.0,2
11,FORWARD,WAYPOINT TRACKING (FORWARD),0.35,0.0,0.35,0.0,5.0,0
12,FORWARD,WAYPOINT TRACKING (FORWARD),0.35,0.0,0.38,0.0,5.0,0
13,FORWARD,WAYPOINT TRACKING (FORWARD),0.35,0.0,0.42,0.0,5.0,0
14,FORWARD,WAYPOINT TRACKING (FORWARD),0.35,0.0,0.45,0.0,5.0,0
15,FORWARD,WAYPOINT TRACKING (FORWARD),0.35,0.0,0.49,0.0,5.0,0
16,FORWARD,WAYPOINT TRACKING (FORWARD),0.35,0.0,0.52,0.0,5.0,0
17,FORWARD,WAYPOINT TRACKING (FORWARD),0.35,0.0,0.56,0.0,5.0,0
18,FORWARD,WAYPOINT TRACKING (FORWARD),0.35,0.0,0.59,0.0,5.0,0
19,FORWARD,WAYPOINT TRACKING (FORWARD),0.35,0.0,0.63,0.0,5.0,0
20,EMERGENCY_STOP,EMERGENCY STOP (HAZARD DETECTED),0.0,0.0,0.63,0.0,0.4,2
21,TURN_LEFT,OBSTACLE AVOIDANCE (TURNING LEFT),0.05,0.7,0.63,0.0,0.4,0
22,TURN_LEFT,OBSTACLE AVOIDANCE (TURNING LEFT),0.05,0.7,0.64,0.0,0.4,0
23,TURN_LEFT,OBSTACLE AVOIDANCE (TURNING LEFT),0.05,0.7,0.64,0.0,0.4,0
24,TURN_LEFT,OBSTACLE AVOIDANCE (TURNING LEFT),0.05,0.7,0.65,0.0,0.4,0
25,TURN_LEFT,OBSTACLE AVOIDANCE (TURNING LEFT),0.05,0.7,0.65,0.01,0.4,0
26,TURN_LEFT,OBSTACLE AVOIDANCE (TURNING LEFT),0.05,0.7,0.66,0.01,0.4,0
27,TURN_LEFT,OBSTACLE AVOIDANCE (TURNING LEFT),0.05,0.7,0.66,0.01,0.4,0
28,TURN_LEFT,OBSTACLE AVOIDANCE (TURNING LEFT),0.05,0.7,0.67,0.01,0.4,0
29,TURN_LEFT,OBSTACLE AVOIDANCE (TURNING LEFT),0.05,0.7,0.67,0.02,0.4,0
30,EMERGENCY_STOP,EMERGENCY STOP (HAZARD DETECTED),0.0,0.0,0.67,0.02,0.4,2
31,FORWARD,WAYPOINT TRACKING (FORWARD),0.35,0.0,0.7,0.04,5.0,0
32,FORWARD,WAYPOINT TRACKING (FORWARD),0.35,0.0,0.73,0.06,5.0,0
33,FORWARD,WAYPOINT TRACKING (FORWARD),0.35,0.0,0.76,0.08,5.0,0
34,FORWARD,WAYPOINT TRACKING (FORWARD),0.35,0.0,0.78,0.1,5.0,0
35,FORWARD,WAYPOINT TRACKING (FORWARD),0.35,0.0,0.81,0.12,5.0,0
36,FORWARD,WAYPOINT TRACKING (FORWARD),0.35,0.0,0.84,0.14,5.0,0
37,FORWARD,WAYPOINT TRACKING (FORWARD),0.35,0.0,0.87,0.16,5.0,0
38,FORWARD,WAYPOINT TRACKING (FORWARD),0.35,0.0,0.9,0.18,5.0,0
39,FORWARD,WAYPOINT TRACKING (FORWARD),0.35,0.0,0.93,0.2,5.0,0
40,EMERGENCY_STOP,EMERGENCY STOP (HAZARD DETECTED),0.0,0.0,0.93,0.2,5.0,2
41,FORWARD,WAYPOINT TRACKING (FORWARD),0.35,0.0,0.95,0.22,5.0,0
42,FORWARD,WAYPOINT TRACKING (FORWARD),0.35,0.0,0.98,0.24,5.0,0
43,FORWARD,WAYPOINT TRACKING (FORWARD),0.35,0.0,1.01,0.26,5.0,0
44,FORWARD,WAYPOINT TRACKING (FORWARD),0.35,0.0,1.04,0.28,5.0,0
45,FORWARD,WAYPOINT TRACKING (FORWARD),0.35,0.0,1.07,0.3,5.0,0
46,FORWARD,WAYPOINT TRACKING (FORWARD),0.35,0.0,1.1,0.32,5.0,0
47,FORWARD,WAYPOINT TRACKING (FORWARD),0.35,0.0,1.12,0.35,5.0,0
48,FORWARD,WAYPOINT TRACKING (FORWARD),0.35,0.0,1.15,0.37,5.0,0
49,FORWARD,WAYPOINT TRACKING (FORWARD),0.35,0.0,1.18,0.39,5.0,0
50,EMERGENCY_STOP,EMERGENCY STOP (HAZARD DETECTED),0.0,0.0,1.18,0.39,5.0,2
